,Symbol,Market,TradingTime,OP,HIP,LOP,CP
0,000009,SZSE,2017-07-03 09:30:00.000,8.1,8.1,8.1,8.1
1,000009,SZSE,2017-07-03 09:35:00.000,8.07,8.09,8.04,8.06
2,000009,SZSE,2017-07-03 09:40:00.000,8.06,8.07,8.04,8.06
3,000009,SZSE,2017-07-03 09:45:00.000,8.07,8.07,8.03,8.04
4,000009,SZSE,2017-07-03 09:50:00.000,8.03,8.04,8.02,8.04
5,000009,SZSE,2017-07-03 09:55:00.000,8.03,8.05,8.03,8.04
6,000009,SZSE,2017-07-03 10:00:00.000,8.04,8.05,8.03,8.04
7,000009,SZSE,2017-07-03 10:05:00.000,8.03,8.04,8.02,8.04
8,000009,SZSE,2017-07-03 10:10:00.000,8.03,8.04,8.01,8.02
9,000009,SZSE,2017-07-03 10:15:00.000,8.02,8.04,8.01,8.02
10,000009,SZSE,2017-07-03 10:20:00.000,8.02,8.03,7.96,7.97
11,000009,SZSE,2017-07-03 10:25:00.000,7.97,8.0,7.97,8.0
12,000009,SZSE,2017-07-03 10:30:00.000,8.0,8.0,7.97,7.97
13,000009,SZSE,2017-07-03 10:35:00.000,7.97,7.98,7.96,7.98
14,000009,SZSE,2017-07-03 10:40:00.000,7.98,8.0,7.98,7.99
15,000009,SZSE,2017-07-03 10:45:00.000,7.99,8.01,7.99,7.99
16,000009,SZSE,2017-07-03 10:50:00.000,7.99,8.0,7.99,7.99
17,000009,SZSE,2017-07-03 10:55:00.000,8.0,8.01,7.99,8.0
18,000009,SZSE,2017-07-03 11:00:00.000,8.01,8.01,7.99,8.0
19,000009,SZSE,2017-07-03 11:05:00.000,8.0,8.01,8.0,8.0
20,000009,SZSE,2017-07-03 11:10:00.000,8.0,8.01,8.0,8.0
21,000009,SZSE,2017-07-03 11:15:00.000,8.0,8.01,7.99,7.99
22,000009,SZSE,2017-07-03 11:20:00.000,7.99,8.01,7.98,7.99
23,000009,SZSE,2017-07-03 11:25:00.000,8.0,8.0,7.98,8.0
24,000009,SZSE,2017-07-03 11:30:00.000,8.0,8.02,7.99,8.01
25,000009,SZSE,2017-07-03 13:05:00.000,8.01,8.02,8.01,8.01
26,000009,SZSE,2017-07-03 13:10:00.000,8.01,8.02,8.0,8.0
27,000009,SZSE,2017-07-03 13:15:00.000,8.0,8.04,8.0,8.04
28,000009,SZSE,2017-07-03 13:20:00.000,8.04,8.06,8.02,8.05
29,000009,SZSE,2017-07-03 13:25:00.000,8.05,8.08,8.04,8.07
30,000009,SZSE,2017-07-03 13:30:00.000,8.07,8.08,8.05,8.06
31,000009,SZSE,2017-07-03 13:35:00.000,8.07,8.09,8.06,8.06
32,000009,SZSE,2017-07-03 13:40:00.000,8.06,8.07,8.05,8.06
33,000009,SZSE,2017-07-03 13:45:00.000,8.05,8.06,8.04,8.04
34,000009,SZSE,2017-07-03 13:50:00.000,8.03,8.05,8.02,8.04
35,000009,SZSE,2017-07-03 13:55:00.000,8.04,8.05,8.02,8.04
36,000009,SZSE,2017-07-03 14:00:00.000,8.04,8.05,8.03,8.04
37,000009,SZSE,2017-07-03 14:05:00.000,8.04,8.05,8.03,8.03
38,000009,SZSE,2017-07-03 14:10:00.000,8.03,8.04,8.02,8.03
39,000009,SZSE,2017-07-03 14:15:00.000,8.03,8.04,8.02,8.02
40,000009,SZSE,2017-07-03 14:20:00.000,8.03,8.03,8.02,8.02
41,000009,SZSE,2017-07-03 14:25:00.000,8.02,8.04,8.02,8.04
42,000009,SZSE,2017-07-03 14:30:00.000,8.04,8.05,8.03,8.03
43,000009,SZSE,2017-07-03 14:35:00.000,8.03,8.04,8.02,8.03
44,000009,SZSE,2017-07-03 14:40:00.000,8.02,8.04,8.02,8.02
45,000009,SZSE,2017-07-03 14:45:00.000,8.03,8.04,8.02,8.02
46,000009,SZSE,2017-07-03 14:50:00.000,8.02,8.03,8.01,8.02
47,000009,SZSE,2017-07-03 14:55:00.000,8.02,8.05,8.0,8.03
48,000009,SZSE,2017-07-03 15:00:00.000,8.04,8.04,8.01,8.04
49,000009,SZSE,2017-07-04 09:30:00.000,8.05,8.05,8.05,8.05
50,000009,SZSE,2017-07-04 09:35:00.000,8.04,8.04,8.02,8.03
51,000009,SZSE,2017-07-04 09:40:00.000,8.03,8.04,8.01,8.01
52,000009,SZSE,2017-07-04 09:45:00.000,8.01,8.02,8.0,8.01
53,000009,SZSE,2017-07-04 09:50:00.000,8.01,8.04,8.0,8.04
54,000009,SZSE,2017-07-04 09:55:00.000,8.03,8.07,8.02,8.07
55,000009,SZSE,2017-07-04 10:00:00.000,8.06,8.16,8.06,8.11
56,000009,SZSE,2017-07-04 10:05:00.000,8.11,8.14,8.11,8.12
57,000009,SZSE,2017-07-04 10:10:00.000,8.12,8.13,8.1,8.11
58,000009,SZSE,2017-07-04 10:15:00.000,8.1,8.19,8.1,8.17
59,000009,SZSE,2017-07-04 10:20:00.000,8.17,8.18,8.13,8.15
60,000009,SZSE,2017-07-04 10:25:00.000,8.15,8.16,8.15,8.16
61,000009,SZSE,2017-07-04 10:30:00.000,8.15,8.16,8.14,8.16
62,000009,SZSE,2017-07-04 10:35:00.000,8.16,8.25,8.15,8.21
63,000009,SZSE,2017-07-04 10:40:00.000,8.21,8.23,8.19,8.2
64,000009,SZSE,2017-07-04 10:45:00.000,8.19,8.2,8.16,8.17
65,000009,SZSE,2017-07-04 10:50:00.000,8.16,8.19,8.16,8.19
66,000009,SZSE,2017-07-04 10:55:00.000,8.19,8.19,8.16,8.19
67,000009,SZSE,2017-07-04 11:00:00.000,8.19,8.21,8.18,8.18
68,000009,SZSE,2017-07-04 11:05:00.000,8.18,8.19,8.17,8.19
69,000009,SZSE,2017-07-04 11:10:00.000,8.18,8.19,8.18,8.18
70,000009,SZSE,2017-07-04 11:15:00.000,8.19,8.19,8.15,8.16
71,000009,SZSE,2017-07-04 11:20:00.000,8.18,8.18,8.15,8.16
72,000009,SZSE,2017-07-04 11:25:00.000,8.15,8.16,8.14,8.14
73,000009,SZSE,2017-07-04 11:30:00.000,8.14,8.15,8.13,8.13
74,000009,SZSE,2017-07-04 13:05:00.000,8.13,8.13,8.12,8.13
75,000009,SZSE,2017-07-04 13:10:00.000,8.12,8.13,8.1,8.11
76,000009,SZSE,2017-07-04 13:15:00.000,8.11,8.13,8.11,8.12
77,000009,SZSE,2017-07-04 13:20:00.000,8.12,8.12,8.1,8.11
78,000009,SZSE,2017-07-04 13:25:00.000,8.1,8.12,8.1,8.11
79,000009,SZSE,2017-07-04 13:30:00.000,8.12,8.13,8.11,8.13
80,000009,SZSE,2017-07-04 13:35:00.000,8.12,8.12,8.11,8.12
81,000009,SZSE,2017-07-04 13:40:00.000,8.12,8.13,8.11,8.12
82,000009,SZSE,2017-07-04 13:45:00.000,8.12,8.13,8.11,8.12
83,000009,SZSE,2017-07-04 13:50:00.000,8.12,8.13,8.1,8.1
84,000009,SZSE,2017-07-04 13:55:00.000,8.1,8.1,8.08,8.09
85,000009,SZSE,2017-07-04 14:00:00.000,8.09,8.1,8.09,8.1
86,000009,SZSE,2017-07-04 14:05:00.000,8.09,8.1,8.08,8.09
87,000009,SZSE,2017-07-04 14:10:00.000,8.09,8.1,8.08,8.09
88,000009,SZSE,2017-07-04 14:15:00.000,8.09,8.09,8.08,8.09
89,000009,SZSE,2017-07-04 14:20:00.000,8.09,8.1,8.08,8.09
90,000009,SZSE,2017-07-04 14:25:00.000,8.09,8.1,8.08,8.1
91,000009,SZSE,2017-07-04 14:30:00.000,8.09,8.14,8.09,8.13
92,000009,SZSE,2017-07-04 14:35:00.000,8.13,8.14,8.11,8.11
93,000009,SZSE,2017-07-04 14:40:00.000,8.11,8.12,8.1,8.11
94,000009,SZSE,2017-07-04 14:45:00.000,8.1,8.11,8.1,8.1
95,000009,SZSE,2017-07-04 14:50:00.000,8.1,8.12,8.1,8.11
96,000009,SZSE,2017-07-04 14:55:00.000,8.11,8.12,8.1,8.11
97,000009,SZSE,2017-07-04 15:00:00.000,8.12,8.13,8.11,8.12
98,000009,SZSE,2017-07-05 09:30:00.000,8.12,8.12,8.12,8.12
99,000009,SZSE,2017-07-05 09:35:00.000,8.13,8.16,8.12,8.15
100,000009,SZSE,2017-07-05 09:40:00.000,8.15,8.18,8.15,8.16
101,000009,SZSE,2017-07-05 09:45:00.000,8.16,8.16,8.1,8.11
102,000009,SZSE,2017-07-05 09:50:00.000,8.11,8.12,8.09,8.11
103,000009,SZSE,2017-07-05 09:55:00.000,8.08,8.12,8.08,8.11
104,000009,SZSE,2017-07-05 10:00:00.000,8.12,8.12,8.1,8.11
105,000009,SZSE,2017-07-05 10:05:00.000,8.12,8.17,8.11,8.16
106,000009,SZSE,2017-07-05 10:10:00.000,8.15,8.17,8.14,8.15
107,000009,SZSE,2017-07-05 10:15:00.000,8.15,8.15,8.13,8.14
108,000009,SZSE,2017-07-05 10:20:00.000,8.14,8.17,8.14,8.15
109,000009,SZSE,2017-07-05 10:25:00.000,8.15,8.16,8.14,8.15
110,000009,SZSE,2017-07-05 10:30:00.000,8.15,8.17,8.14,8.17
111,000009,SZSE,2017-07-05 10:35:00.000,8.17,8.19,8.16,8.18
112,000009,SZSE,2017-07-05 10:40:00.000,8.17,8.21,8.17,8.21
113,000009,SZSE,2017-07-05 10:45:00.000,8.2,8.21,8.19,8.19
114,000009,SZSE,2017-07-05 10:50:00.000,8.19,8.2,8.17,8.2
115,000009,SZSE,2017-07-05 10:55:00.000,8.2,8.2,8.18,8.19
116,000009,SZSE,2017-07-05 11:00:00.000,8.2,8.24,8.19,8.24
117,000009,SZSE,2017-07-05 11:05:00.000,8.24,8.25,8.22,8.24
118,000009,SZSE,2017-07-05 11:10:00.000,8.25,8.27,8.23,8.23
119,000009,SZSE,2017-07-05 11:15:00.000,8.24,8.24,8.22,8.23
120,000009,SZSE,2017-07-05 11:20:00.000,8.22,8.24,8.22,8.24
121,000009,SZSE,2017-07-05 11:25:00.000,8.24,8.28,8.23,8.28
122,000009,SZSE,2017-07-05 11:30:00.000,8.27,8.29,8.27,8.29
123,000009,SZSE,2017-07-05 13:05:00.000,8.3,8.33,8.29,8.32
124,000009,SZSE,2017-07-05 13:10:00.000,8.32,8.33,8.31,8.33
125,000009,SZSE,2017-07-05 13:15:00.000,8.33,8.39,8.33,8.36
126,000009,SZSE,2017-07-05 13:20:00.000,8.36,8.36,8.31,8.32
127,000009,SZSE,2017-07-05 13:25:00.000,8.33,8.35,8.32,8.32
128,000009,SZSE,2017-07-05 13:30:00.000,8.32,8.32,8.29,8.3
129,000009,SZSE,2017-07-05 13:35:00.000,8.3,8.38,8.3,8.38
130,000009,SZSE,2017-07-05 13:40:00.000,8.37,8.38,8.34,8.36
131,000009,SZSE,2017-07-05 13:45:00.000,8.35,8.36,8.34,8.34
132,000009,SZSE,2017-07-05 13:50:00.000,8.35,8.35,8.33,8.33
133,000009,SZSE,2017-07-05 13:55:00.000,8.34,8.35,8.33,8.34
134,000009,SZSE,2017-07-05 14:00:00.000,8.33,8.35,8.33,8.34
135,000009,SZSE,2017-07-05 14:05:00.000,8.33,8.36,8.32,8.35
136,000009,SZSE,2017-07-05 14:10:00.000,8.34,8.35,8.3,8.3
137,000009,SZSE,2017-07-05 14:15:00.000,8.31,8.37,8.3,8.35
138,000009,SZSE,2017-07-05 14:20:00.000,8.34,8.35,8.33,8.35
139,000009,SZSE,2017-07-05 14:25:00.000,8.34,8.35,8.33,8.33
140,000009,SZSE,2017-07-05 14:30:00.000,8.33,8.39,8.32,8.39
141,000009,SZSE,2017-07-05 14:35:00.000,8.39,8.39,8.37,8.38
142,000009,SZSE,2017-07-05 14:40:00.000,8.38,8.4,8.36,8.37
143,000009,SZSE,2017-07-05 14:45:00.000,8.37,8.39,8.36,8.37
144,000009,SZSE,2017-07-05 14:50:00.000,8.36,8.36,8.32,8.34
145,000009,SZSE,2017-07-05 14:55:00.000,8.34,8.35,8.32,8.32
146,000009,SZSE,2017-07-05 15:00:00.000,8.32,8.34,8.32,8.32
147,000009,SZSE,2017-07-06 09:30:00.000,8.24,8.24,8.24,8.24
148,000009,SZSE,2017-07-06 09:35:00.000,8.24,8.29,8.24,8.27
149,000009,SZSE,2017-07-06 09:40:00.000,8.29,8.29,8.24,8.26
150,000009,SZSE,2017-07-06 09:45:00.000,8.26,8.27,8.24,8.26
151,000009,SZSE,2017-07-06 09:50:00.000,8.26,8.27,8.22,8.22
152,000009,SZSE,2017-07-06 09:55:00.000,8.23,8.27,8.21,8.26
153,000009,SZSE,2017-07-06 10:00:00.000,8.26,8.26,8.23,8.24
154,000009,SZSE,2017-07-06 10:05:00.000,8.24,8.24,8.22,8.24
155,000009,SZSE,2017-07-06 10:10:00.000,8.23,8.29,8.23,8.29
156,000009,SZSE,2017-07-06 10:15:00.000,8.3,8.3,8.27,8.27
157,000009,SZSE,2017-07-06 10:20:00.000,8.28,8.31,8.28,8.3
158,000009,SZSE,2017-07-06 10:25:00.000,8.3,8.31,8.28,8.31
159,000009,SZSE,2017-07-06 10:30:00.000,8.31,8.33,8.3,8.33
160,000009,SZSE,2017-07-06 10:35:00.000,8.34,8.37,8.33,8.35
161,000009,SZSE,2017-07-06 10:40:00.000,8.35,8.36,8.33,8.34
162,000009,SZSE,2017-07-06 10:45:00.000,8.34,8.35,8.3,8.3
163,000009,SZSE,2017-07-06 10:50:00.000,8.3,8.32,8.3,8.3
164,000009,SZSE,2017-07-06 10:55:00.000,8.31,8.31,8.28,8.28
165,000009,SZSE,2017-07-06 11:00:00.000,8.28,8.3,8.28,8.3
166,000009,SZSE,2017-07-06 11:05:00.000,8.29,8.3,8.27,8.27
167,000009,SZSE,2017-07-06 11:10:00.000,8.27,8.28,8.26,8.27
168,000009,SZSE,2017-07-06 11:15:00.000,8.27,8.28,8.26,8.28
169,000009,SZSE,2017-07-06 11:20:00.000,8.27,8.28,8.26,8.27
170,000009,SZSE,2017-07-06 11:25:00.000,8.26,8.27,8.22,8.23
171,000009,SZSE,2017-07-06 11:30:00.000,8.23,8.24,8.21,8.21
172,000009,SZSE,2017-07-06 13:05:00.000,8.22,8.23,8.19,8.22
173,000009,SZSE,2017-07-06 13:10:00.000,8.23,8.23,8.18,8.2
174,000009,SZSE,2017-07-06 13:15:00.000,8.2,8.24,8.2,8.22
175,000009,SZSE,2017-07-06 13:20:00.000,8.22,8.28,8.22,8.23
176,000009,SZSE,2017-07-06 13:25:00.000,8.23,8.27,8.22,8.26
177,000009,SZSE,2017-07-06 13:30:00.000,8.27,8.27,8.25,8.27
178,000009,SZSE,2017-07-06 13:35:00.000,8.27,8.29,8.26,8.27
179,000009,SZSE,2017-07-06 13:40:00.000,8.27,8.34,8.24,8.31
180,000009,SZSE,2017-07-06 13:45:00.000,8.31,8.37,8.3,8.35
181,000009,SZSE,2017-07-06 13:50:00.000,8.35,8.35,8.32,8.33
182,000009,SZSE,2017-07-06 13:55:00.000,8.32,8.33,8.3,8.31
183,000009,SZSE,2017-07-06 14:00:00.000,8.31,8.32,8.3,8.32
184,000009,SZSE,2017-07-06 14:05:00.000,8.32,8.32,8.3,8.32
185,000009,SZSE,2017-07-06 14:10:00.000,8.32,8.33,8.31,8.31
186,000009,SZSE,2017-07-06 14:15:00.000,8.31,8.32,8.27,8.31
187,000009,SZSE,2017-07-06 14:20:00.000,8.31,8.36,8.3,8.34
188,000009,SZSE,2017-07-06 14:25:00.000,8.33,8.36,8.32,8.32
189,000009,SZSE,2017-07-06 14:30:00.000,8.33,8.34,8.28,8.34
190,000009,SZSE,2017-07-06 14:35:00.000,8.35,8.35,8.33,8.34
191,000009,SZSE,2017-07-06 14:40:00.000,8.34,8.4,8.34,8.37
192,000009,SZSE,2017-07-06 14:45:00.000,8.37,8.38,8.34,8.35
193,000009,SZSE,2017-07-06 14:50:00.000,8.35,8.36,8.33,8.33
194,000009,SZSE,2017-07-06 14:55:00.000,8.34,8.34,8.32,8.33
195,000009,SZSE,2017-07-06 15:00:00.000,8.33,8.33,8.31,8.31
196,000009,SZSE,2017-07-07 09:30:00.000,8.32,8.32,8.32,8.32
197,000009,SZSE,2017-07-07 09:35:00.000,8.31,8.31,8.25,8.28
198,000009,SZSE,2017-07-07 09:40:00.000,8.28,8.28,8.25,8.27
199,000009,SZSE,2017-07-07 09:45:00.000,8.27,8.28,8.24,8.27
200,000009,SZSE,2017-07-07 09:50:00.000,8.25,8.27,8.24,8.26
201,000009,SZSE,2017-07-07 09:55:00.000,8.25,8.28,8.25,8.28
202,000009,SZSE,2017-07-07 10:00:00.000,8.28,8.28,8.25,8.26
203,000009,SZSE,2017-07-07 10:05:00.000,8.26,8.27,8.2,8.23
204,000009,SZSE,2017-07-07 10:10:00.000,8.24,8.24,8.21,8.24
205,000009,SZSE,2017-07-07 10:15:00.000,8.24,8.24,8.21,8.21
206,000009,SZSE,2017-07-07 10:20:00.000,8.22,8.22,8.19,8.19
207,000009,SZSE,2017-07-07 10:25:00.000,8.2,8.2,8.19,8.19
208,000009,SZSE,2017-07-07 10:30:00.000,8.2,8.2,8.18,8.2
209,000009,SZSE,2017-07-07 10:35:00.000,8.2,8.21,8.19,8.21
210,000009,SZSE,2017-07-07 10:40:00.000,8.21,8.22,8.2,8.21
211,000009,SZSE,2017-07-07 10:45:00.000,8.21,8.22,8.19,8.19
212,000009,SZSE,2017-07-07 10:50:00.000,8.19,8.21,8.18,8.21
213,000009,SZSE,2017-07-07 10:55:00.000,8.21,8.22,8.2,8.2
214,000009,SZSE,2017-07-07 11:00:00.000,8.2,8.22,8.2,8.22
215,000009,SZSE,2017-07-07 11:05:00.000,8.21,8.22,8.2,8.21
216,000009,SZSE,2017-07-07 11:10:00.000,8.21,8.21,8.19,8.2
217,000009,SZSE,2017-07-07 11:15:00.000,8.2,8.21,8.19,8.2
218,000009,SZSE,2017-07-07 11:20:00.000,8.21,8.23,8.2,8.23
219,000009,SZSE,2017-07-07 11:25:00.000,8.22,8.23,8.21,8.21
220,000009,SZSE,2017-07-07 11:30:00.000,8.22,8.22,8.21,8.22
221,000009,SZSE,2017-07-07 13:05:00.000,8.21,8.24,8.2,8.24
222,000009,SZSE,2017-07-07 13:10:00.000,8.24,8.28,8.23,8.26
223,000009,SZSE,2017-07-07 13:15:00.000,8.26,8.27,8.24,8.27
224,000009,SZSE,2017-07-07 13:20:00.000,8.26,8.29,8.25,8.28
225,000009,SZSE,2017-07-07 13:25:00.000,8.27,8.31,8.27,8.27
226,000009,SZSE,2017-07-07 13:30:00.000,8.27,8.32,8.27,8.29
227,000009,SZSE,2017-07-07 13:35:00.000,8.3,8.3,8.27,8.27
228,000009,SZSE,2017-07-07 13:40:00.000,8.28,8.4,8.27,8.39
229,000009,SZSE,2017-07-07 13:45:00.000,8.4,8.46,8.38,8.44
230,000009,SZSE,2017-07-07 13:50:00.000,8.44,8.55,8.41,8.55
231,000009,SZSE,2017-07-07 13:55:00.000,8.55,8.64,8.53,8.63
232,000009,SZSE,2017-07-07 14:00:00.000,8.63,8.64,8.55,8.59
233,000009,SZSE,2017-07-07 14:05:00.000,8.58,8.59,8.55,8.55
234,000009,SZSE,2017-07-07 14:10:00.000,8.55,8.55,8.51,8.54
235,000009,SZSE,2017-07-07 14:15:00.000,8.53,8.55,8.51,8.55
236,000009,SZSE,2017-07-07 14:20:00.000,8.54,8.57,8.54,8.54
237,000009,SZSE,2017-07-07 14:25:00.000,8.55,8.56,8.54,8.55
238,000009,SZSE,2017-07-07 14:30:00.000,8.55,8.59,8.55,8.58
239,000009,SZSE,2017-07-07 14:35:00.000,8.59,8.59,8.5,8.52
240,000009,SZSE,2017-07-07 14:40:00.000,8.52,8.55,8.5,8.55
241,000009,SZSE,2017-07-07 14:45:00.000,8.54,8.55,8.51,8.52
242,000009,SZSE,2017-07-07 14:50:00.000,8.52,8.53,8.46,8.47
243,000009,SZSE,2017-07-07 14:55:00.000,8.47,8.49,8.46,8.48
244,000009,SZSE,2017-07-07 15:00:00.000,8.48,8.49,8.47,8.49
245,000009,SZSE,2017-07-10 09:30:00.000,8.43,8.43,8.43,8.43
246,000009,SZSE,2017-07-10 09:35:00.000,8.44,8.52,8.44,8.5
247,000009,SZSE,2017-07-10 09:40:00.000,8.5,8.6,8.49,8.58
248,000009,SZSE,2017-07-10 09:45:00.000,8.58,8.68,8.53,8.68
249,000009,SZSE,2017-07-10 09:50:00.000,8.65,8.69,8.59,8.59
250,000009,SZSE,2017-07-10 09:55:00.000,8.59,8.61,8.56,8.59
251,000009,SZSE,2017-07-10 10:00:00.000,8.6,8.61,8.53,8.58
252,000009,SZSE,2017-07-10 10:05:00.000,8.58,8.64,8.57,8.62
253,000009,SZSE,2017-07-10 10:10:00.000,8.61,8.62,8.57,8.57
254,000009,SZSE,2017-07-10 10:15:00.000,8.57,8.57,8.51,8.52
255,000009,SZSE,2017-07-10 10:20:00.000,8.52,8.52,8.48,8.5
256,000009,SZSE,2017-07-10 10:25:00.000,8.5,8.52,8.49,8.5
257,000009,SZSE,2017-07-10 10:30:00.000,8.51,8.51,8.44,8.49
258,000009,SZSE,2017-07-10 10:35:00.000,8.49,8.5,8.45,8.45
259,000009,SZSE,2017-07-10 10:40:00.000,8.46,8.48,8.44,8.44
260,000009,SZSE,2017-07-10 10:45:00.000,8.45,8.48,8.45,8.46
261,000009,SZSE,2017-07-10 10:50:00.000,8.46,8.47,8.44,8.45
262,000009,SZSE,2017-07-10 10:55:00.000,8.46,8.46,8.38,8.39
263,000009,SZSE,2017-07-10 11:00:00.000,8.39,8.4,8.37,8.38
264,000009,SZSE,2017-07-10 11:05:00.000,8.38,8.4,8.37,8.38
265,000009,SZSE,2017-07-10 11:10:00.000,8.37,8.4,8.37,8.39
266,000009,SZSE,2017-07-10 11:15:00.000,8.4,8.44,8.39,8.44
267,000009,SZSE,2017-07-10 11:20:00.000,8.44,8.48,8.43,8.46
268,000009,SZSE,2017-07-10 11:25:00.000,8.47,8.48,8.44,8.44
269,000009,SZSE,2017-07-10 11:30:00.000,8.45,8.45,8.43,8.44
270,000009,SZSE,2017-07-10 13:05:00.000,8.45,8.46,8.43,8.43
271,000009,SZSE,2017-07-10 13:10:00.000,8.43,8.44,8.4,8.4
272,000009,SZSE,2017-07-10 13:15:00.000,8.41,8.44,8.4,8.43
273,000009,SZSE,2017-07-10 13:20:00.000,8.44,8.46,8.4,8.46
274,000009,SZSE,2017-07-10 13:25:00.000,8.46,8.53,8.44,8.53
275,000009,SZSE,2017-07-10 13:30:00.000,8.53,8.53,8.49,8.51
276,000009,SZSE,2017-07-10 13:35:00.000,8.52,8.54,8.5,8.5
277,000009,SZSE,2017-07-10 13:40:00.000,8.51,8.51,8.48,8.49
278,000009,SZSE,2017-07-10 13:45:00.000,8.49,8.52,8.49,8.5
279,000009,SZSE,2017-07-10 13:50:00.000,8.51,8.52,8.49,8.49
280,000009,SZSE,2017-07-10 13:55:00.000,8.48,8.5,8.46,8.49
281,000009,SZSE,2017-07-10 14:00:00.000,8.49,8.49,8.45,8.47
282,000009,SZSE,2017-07-10 14:05:00.000,8.47,8.48,8.46,8.47
283,000009,SZSE,2017-07-10 14:10:00.000,8.47,8.5,8.47,8.5
284,000009,SZSE,2017-07-10 14:15:00.000,8.5,8.5,8.47,8.49
285,000009,SZSE,2017-07-10 14:20:00.000,8.48,8.51,8.47,8.51
286,000009,SZSE,2017-07-10 14:25:00.000,8.51,8.51,8.47,8.47
287,000009,SZSE,2017-07-10 14:30:00.000,8.47,8.54,8.46,8.52
288,000009,SZSE,2017-07-10 14:35:00.000,8.53,8.53,8.49,8.49
289,000009,SZSE,2017-07-10 14:40:00.000,8.49,8.5,8.43,8.44
290,000009,SZSE,2017-07-10 14:45:00.000,8.44,8.45,8.41,8.41
291,000009,SZSE,2017-07-10 14:50:00.000,8.41,8.41,8.36,8.41
292,000009,SZSE,2017-07-10 14:55:00.000,8.41,8.43,8.4,8.4
293,000009,SZSE,2017-07-10 15:00:00.000,8.4,8.4,8.39,8.4
294,000009,SZSE,2017-07-11 09:30:00.000,8.37,8.37,8.37,8.37
295,000009,SZSE,2017-07-11 09:35:00.000,8.36,8.37,8.34,8.36
296,000009,SZSE,2017-07-11 09:40:00.000,8.36,8.4,8.36,8.4
297,000009,SZSE,2017-07-11 09:45:00.000,8.41,8.44,8.4,8.41
298,000009,SZSE,2017-07-11 09:50:00.000,8.4,8.41,8.35,8.37
299,000009,SZSE,2017-07-11 09:55:00.000,8.38,8.38,8.34,8.36
300,000009,SZSE,2017-07-11 10:00:00.000,8.36,8.37,8.27,8.28
301,000009,SZSE,2017-07-11 10:05:00.000,8.28,8.32,8.28,8.31
302,000009,SZSE,2017-07-11 10:10:00.000,8.3,8.35,8.3,8.35
303,000009,SZSE,2017-07-11 10:15:00.000,8.35,8.36,8.32,8.32
304,000009,SZSE,2017-07-11 10:20:00.000,8.32,8.36,8.31,8.35
305,000009,SZSE,2017-07-11 10:25:00.000,8.35,8.37,8.35,8.35
306,000009,SZSE,2017-07-11 10:30:00.000,8.35,8.37,8.34,8.34
307,000009,SZSE,2017-07-11 10:35:00.000,8.34,8.34,8.3,8.32
308,000009,SZSE,2017-07-11 10:40:00.000,8.32,8.33,8.29,8.3
309,000009,SZSE,2017-07-11 10:45:00.000,8.3,8.32,8.29,8.31
310,000009,SZSE,2017-07-11 10:50:00.000,8.31,8.32,8.27,8.29
311,000009,SZSE,2017-07-11 10:55:00.000,8.28,8.3,8.23,8.24
312,000009,SZSE,2017-07-11 11:00:00.000,8.25,8.27,8.23,8.24
313,000009,SZSE,2017-07-11 11:05:00.000,8.25,8.25,8.24,8.25
314,000009,SZSE,2017-07-11 11:10:00.000,8.25,8.27,8.24,8.27
315,000009,SZSE,2017-07-11 11:15:00.000,8.26,8.27,8.23,8.23
316,000009,SZSE,2017-07-11 11:20:00.000,8.23,8.24,8.22,8.24
317,000009,SZSE,2017-07-11 11:25:00.000,8.23,8.24,8.22,8.22
318,000009,SZSE,2017-07-11 11:30:00.000,8.22,8.23,8.22,8.23
319,000009,SZSE,2017-07-11 13:05:00.000,8.22,8.23,8.21,8.22
320,000009,SZSE,2017-07-11 13:10:00.000,8.22,8.24,8.22,8.24
321,000009,SZSE,2017-07-11 13:15:00.000,8.24,8.24,8.23,8.23
322,000009,SZSE,2017-07-11 13:20:00.000,8.23,8.26,8.23,8.25
323,000009,SZSE,2017-07-11 13:25:00.000,8.26,8.29,8.26,8.28
324,000009,SZSE,2017-07-11 13:30:00.000,8.28,8.29,8.26,8.26
325,000009,SZSE,2017-07-11 13:35:00.000,8.27,8.27,8.26,8.27
326,000009,SZSE,2017-07-11 13:40:00.000,8.27,8.29,8.23,8.23
327,000009,SZSE,2017-07-11 13:45:00.000,8.24,8.26,8.22,8.24
328,000009,SZSE,2017-07-11 13:50:00.000,8.25,8.26,8.23,8.23
329,000009,SZSE,2017-07-11 13:55:00.000,8.23,8.26,8.23,8.25
330,000009,SZSE,2017-07-11 14:00:00.000,8.25,8.26,8.23,8.24
331,000009,SZSE,2017-07-11 14:05:00.000,8.25,8.26,8.24,8.26
332,000009,SZSE,2017-07-11 14:10:00.000,8.25,8.26,8.22,8.23
333,000009,SZSE,2017-07-11 14:15:00.000,8.23,8.25,8.22,8.24
334,000009,SZSE,2017-07-11 14:20:00.000,8.25,8.25,8.22,8.23
335,000009,SZSE,2017-07-11 14:25:00.000,8.23,8.24,8.21,8.23
336,000009,SZSE,2017-07-11 14:30:00.000,8.21,8.22,8.18,8.19
337,000009,SZSE,2017-07-11 14:35:00.000,8.18,8.19,8.16,8.19
338,000009,SZSE,2017-07-11 14:40:00.000,8.18,8.18,8.13,8.14
339,000009,SZSE,2017-07-11 14:45:00.000,8.14,8.16,8.13,8.14
340,000009,SZSE,2017-07-11 14:50:00.000,8.15,8.16,8.12,8.16
341,000009,SZSE,2017-07-11 14:55:00.000,8.16,8.16,8.12,8.14
342,000009,SZSE,2017-07-11 15:00:00.000,8.13,8.14,8.12,8.13
343,000009,SZSE,2017-07-12 09:30:00.000,8.14,8.14,8.14,8.14
344,000009,SZSE,2017-07-12 09:35:00.000,8.16,8.17,8.13,8.17
345,000009,SZSE,2017-07-12 09:40:00.000,8.17,8.17,8.13,8.16
346,000009,SZSE,2017-07-12 09:45:00.000,8.16,8.19,8.14,8.17
347,000009,SZSE,2017-07-12 09:50:00.000,8.17,8.18,8.16,8.16
348,000009,SZSE,2017-07-12 09:55:00.000,8.16,8.17,8.15,8.16
349,000009,SZSE,2017-07-12 10:00:00.000,8.17,8.18,8.11,8.12
350,000009,SZSE,2017-07-12 10:05:00.000,8.11,8.11,8.06,8.1
351,000009,SZSE,2017-07-12 10:10:00.000,8.11,8.13,8.09,8.12
352,000009,SZSE,2017-07-12 10:15:00.000,8.12,8.14,8.1,8.14
353,000009,SZSE,2017-07-12 10:20:00.000,8.14,8.19,8.13,8.19
354,000009,SZSE,2017-07-12 10:25:00.000,8.18,8.19,8.15,8.19
355,000009,SZSE,2017-07-12 10:30:00.000,8.18,8.19,8.16,8.19
356,000009,SZSE,2017-07-12 10:35:00.000,8.18,8.19,8.14,8.15
357,000009,SZSE,2017-07-12 10:40:00.000,8.15,8.16,8.14,8.15
358,000009,SZSE,2017-07-12 10:45:00.000,8.15,8.15,8.13,8.13
359,000009,SZSE,2017-07-12 10:50:00.000,8.14,8.14,8.08,8.1
360,000009,SZSE,2017-07-12 10:55:00.000,8.09,8.1,8.08,8.09
361,000009,SZSE,2017-07-12 11:00:00.000,8.08,8.09,8.02,8.05
362,000009,SZSE,2017-07-12 11:05:00.000,8.05,8.08,8.03,8.07
363,000009,SZSE,2017-07-12 11:10:00.000,8.06,8.07,8.05,8.05
364,000009,SZSE,2017-07-12 11:15:00.000,8.05,8.09,8.05,8.07
365,000009,SZSE,2017-07-12 11:20:00.000,8.07,8.1,8.07,8.09
366,000009,SZSE,2017-07-12 11:25:00.000,8.09,8.1,8.07,8.07
367,000009,SZSE,2017-07-12 11:30:00.000,8.07,8.08,8.06,8.07
368,000009,SZSE,2017-07-12 13:05:00.000,8.07,8.09,8.07,8.09
369,000009,SZSE,2017-07-12 13:10:00.000,8.09,8.09,8.05,8.06
370,000009,SZSE,2017-07-12 13:15:00.000,8.05,8.06,8.04,8.04
371,000009,SZSE,2017-07-12 13:20:00.000,8.05,8.05,8.04,8.04
372,000009,SZSE,2017-07-12 13:25:00.000,8.04,8.05,8.02,8.03
373,000009,SZSE,2017-07-12 13:30:00.000,8.03,8.05,8.02,8.04
374,000009,SZSE,2017-07-12 13:35:00.000,8.05,8.08,8.05,8.07
375,000009,SZSE,2017-07-12 13:40:00.000,8.07,8.08,8.06,8.07
376,000009,SZSE,2017-07-12 13:45:00.000,8.06,8.07,8.05,8.06
377,000009,SZSE,2017-07-12 13:50:00.000,8.06,8.08,8.05,8.07
378,000009,SZSE,2017-07-12 13:55:00.000,8.08,8.09,8.07,8.08
379,000009,SZSE,2017-07-12 14:00:00.000,8.08,8.08,8.06,8.07
380,000009,SZSE,2017-07-12 14:05:00.000,8.06,8.07,8.02,8.03
381,000009,SZSE,2017-07-12 14:10:00.000,8.02,8.06,8.02,8.03
382,000009,SZSE,2017-07-12 14:15:00.000,8.04,8.05,8.03,8.04
383,000009,SZSE,2017-07-12 14:20:00.000,8.04,8.07,8.04,8.07
384,000009,SZSE,2017-07-12 14:25:00.000,8.07,8.08,8.06,8.06
385,000009,SZSE,2017-07-12 14:30:00.000,8.06,8.17,8.05,8.16
386,000009,SZSE,2017-07-12 14:35:00.000,8.16,8.17,8.11,8.14
387,000009,SZSE,2017-07-12 14:40:00.000,8.14,8.16,8.13,8.14
388,000009,SZSE,2017-07-12 14:45:00.000,8.13,8.15,8.13,8.14
389,000009,SZSE,2017-07-12 14:50:00.000,8.15,8.21,8.14,8.2
390,000009,SZSE,2017-07-12 14:55:00.000,8.2,8.23,8.18,8.23
391,000009,SZSE,2017-07-12 15:00:00.000,8.22,8.24,8.22,8.24
392,000009,SZSE,2017-07-13 09:30:00.000,8.25,8.25,8.25,8.25
393,000009,SZSE,2017-07-13 09:35:00.000,8.24,8.24,8.19,8.21
394,000009,SZSE,2017-07-13 09:40:00.000,8.22,8.22,8.19,8.19
395,000009,SZSE,2017-07-13 09:45:00.000,8.21,8.23,8.2,8.22
396,000009,SZSE,2017-07-13 09:50:00.000,8.21,8.24,8.2,8.24
397,000009,SZSE,2017-07-13 09:55:00.000,8.24,8.24,8.23,8.23
398,000009,SZSE,2017-07-13 10:00:00.000,8.23,8.24,8.21,8.21
399,000009,SZSE,2017-07-13 10:05:00.000,8.22,8.22,8.17,8.19
400,000009,SZSE,2017-07-13 10:10:00.000,8.18,8.19,8.14,8.16
401,000009,SZSE,2017-07-13 10:15:00.000,8.16,8.17,8.14,8.14
402,000009,SZSE,2017-07-13 10:20:00.000,8.15,8.15,8.14,8.15
403,000009,SZSE,2017-07-13 10:25:00.000,8.16,8.2,8.15,8.17
404,000009,SZSE,2017-07-13 10:30:00.000,8.17,8.18,8.16,8.16
405,000009,SZSE,2017-07-13 10:35:00.000,8.16,8.21,8.16,8.21
406,000009,SZSE,2017-07-13 10:40:00.000,8.21,8.24,8.21,8.21
407,000009,SZSE,2017-07-13 10:45:00.000,8.2,8.22,8.17,8.18
408,000009,SZSE,2017-07-13 10:50:00.000,8.18,8.23,8.18,8.23
409,000009,SZSE,2017-07-13 10:55:00.000,8.23,8.23,8.21,8.23
410,000009,SZSE,2017-07-13 11:00:00.000,8.23,8.27,8.22,8.26
411,000009,SZSE,2017-07-13 11:05:00.000,8.26,8.27,8.24,8.24
412,000009,SZSE,2017-07-13 11:10:00.000,8.24,8.26,8.23,8.23
413,000009,SZSE,2017-07-13 11:15:00.000,8.23,8.24,8.22,8.22
414,000009,SZSE,2017-07-13 11:20:00.000,8.22,8.26,8.22,8.25
415,000009,SZSE,2017-07-13 11:25:00.000,8.26,8.26,8.23,8.25
416,000009,SZSE,2017-07-13 11:30:00.000,8.25,8.26,8.25,8.26
417,000009,SZSE,2017-07-13 13:05:00.000,8.26,8.26,8.24,8.25
418,000009,SZSE,2017-07-13 13:10:00.000,8.25,8.25,8.21,8.21
419,000009,SZSE,2017-07-13 13:15:00.000,8.22,8.23,8.19,8.22
420,000009,SZSE,2017-07-13 13:20:00.000,8.22,8.23,8.21,8.23
421,000009,SZSE,2017-07-13 13:25:00.000,8.23,8.24,8.2,8.22
422,000009,SZSE,2017-07-13 13:30:00.000,8.21,8.22,8.19,8.2
423,000009,SZSE,2017-07-13 13:35:00.000,8.19,8.21,8.19,8.2
424,000009,SZSE,2017-07-13 13:40:00.000,8.19,8.2,8.18,8.2
425,000009,SZSE,2017-07-13 13:45:00.000,8.2,8.22,8.19,8.21
426,000009,SZSE,2017-07-13 13:50:00.000,8.21,8.22,8.19,8.2
427,000009,SZSE,2017-07-13 13:55:00.000,8.19,8.2,8.18,8.18
428,000009,SZSE,2017-07-13 14:00:00.000,8.18,8.2,8.18,8.18
429,000009,SZSE,2017-07-13 14:05:00.000,8.18,8.19,8.18,8.19
430,000009,SZSE,2017-07-13 14:10:00.000,8.19,8.19,8.18,8.18
431,000009,SZSE,2017-07-13 14:15:00.000,8.19,8.19,8.17,8.17
432,000009,SZSE,2017-07-13 14:20:00.000,8.17,8.18,8.16,8.17
433,000009,SZSE,2017-07-13 14:25:00.000,8.17,8.19,8.17,8.18
434,000009,SZSE,2017-07-13 14:30:00.000,8.17,8.19,8.16,8.18
435,000009,SZSE,2017-07-13 14:35:00.000,8.18,8.18,8.15,8.15
436,000009,SZSE,2017-07-13 14:40:00.000,8.15,8.16,8.15,8.16
437,000009,SZSE,2017-07-13 14:45:00.000,8.17,8.18,8.14,8.14
438,000009,SZSE,2017-07-13 14:50:00.000,8.14,8.15,8.11,8.14
439,000009,SZSE,2017-07-13 14:55:00.000,8.15,8.16,8.13,8.15
440,000009,SZSE,2017-07-13 15:00:00.000,8.15,8.16,8.14,8.16
441,000009,SZSE,2017-07-14 09:30:00.000,8.15,8.15,8.15,8.15
442,000009,SZSE,2017-07-14 09:35:00.000,8.15,8.16,8.12,8.12
443,000009,SZSE,2017-07-14 09:40:00.000,8.11,8.12,8.09,8.1
444,000009,SZSE,2017-07-14 09:45:00.000,8.1,8.12,8.05,8.07
445,000009,SZSE,2017-07-14 09:50:00.000,8.06,8.1,8.03,8.06
446,000009,SZSE,2017-07-14 09:55:00.000,8.06,8.09,8.05,8.09
447,000009,SZSE,2017-07-14 10:00:00.000,8.09,8.09,8.06,8.08
448,000009,SZSE,2017-07-14 10:05:00.000,8.07,8.09,8.06,8.08
449,000009,SZSE,2017-07-14 10:10:00.000,8.1,8.1,8.09,8.09
450,000009,SZSE,2017-07-14 10:15:00.000,8.09,8.15,8.08,8.13
451,000009,SZSE,2017-07-14 10:20:00.000,8.13,8.15,8.13,8.14
452,000009,SZSE,2017-07-14 10:25:00.000,8.14,8.14,8.11,8.12
453,000009,SZSE,2017-07-14 10:30:00.000,8.12,8.15,8.12,8.14
454,000009,SZSE,2017-07-14 10:35:00.000,8.13,8.14,8.12,8.13
455,000009,SZSE,2017-07-14 10:40:00.000,8.13,8.13,8.1,8.11
456,000009,SZSE,2017-07-14 10:45:00.000,8.12,8.13,8.11,8.11
457,000009,SZSE,2017-07-14 10:50:00.000,8.11,8.11,8.1,8.11
458,000009,SZSE,2017-07-14 10:55:00.000,8.1,8.12,8.09,8.09
459,000009,SZSE,2017-07-14 11:00:00.000,8.09,8.12,8.09,8.12
460,000009,SZSE,2017-07-14 11:05:00.000,8.11,8.13,8.09,8.09
461,000009,SZSE,2017-07-14 11:10:00.000,8.1,8.11,8.08,8.1
462,000009,SZSE,2017-07-14 11:15:00.000,8.1,8.11,8.09,8.09
463,000009,SZSE,2017-07-14 11:20:00.000,8.09,8.1,8.09,8.1
464,000009,SZSE,2017-07-14 11:25:00.000,8.11,8.12,8.09,8.1
465,000009,SZSE,2017-07-14 11:30:00.000,8.1,8.11,8.1,8.11
466,000009,SZSE,2017-07-14 13:05:00.000,8.1,8.1,8.09,8.09
467,000009,SZSE,2017-07-14 13:10:00.000,8.1,8.1,8.09,8.09
468,000009,SZSE,2017-07-14 13:15:00.000,8.09,8.11,8.09,8.1
469,000009,SZSE,2017-07-14 13:20:00.000,8.09,8.1,8.09,8.1
470,000009,SZSE,2017-07-14 13:25:00.000,8.09,8.1,8.08,8.08
471,000009,SZSE,2017-07-14 13:30:00.000,8.09,8.1,8.09,8.09
472,000009,SZSE,2017-07-14 13:35:00.000,8.09,8.11,8.08,8.11
473,000009,SZSE,2017-07-14 13:40:00.000,8.11,8.11,8.1,8.1
474,000009,SZSE,2017-07-14 13:45:00.000,8.1,8.11,8.08,8.1
475,000009,SZSE,2017-07-14 13:50:00.000,8.11,8.11,8.08,8.08
476,000009,SZSE,2017-07-14 13:55:00.000,8.08,8.09,8.05,8.05
477,000009,SZSE,2017-07-14 14:00:00.000,8.05,8.08,8.05,8.06
478,000009,SZSE,2017-07-14 14:05:00.000,8.06,8.08,8.04,8.04
479,000009,SZSE,2017-07-14 14:10:00.000,8.05,8.07,8.04,8.07
480,000009,SZSE,2017-07-14 14:15:00.000,8.06,8.08,8.06,8.07
481,000009,SZSE,2017-07-14 14:20:00.000,8.08,8.09,8.07,8.08
482,000009,SZSE,2017-07-14 14:25:00.000,8.08,8.09,8.07,8.07
483,000009,SZSE,2017-07-14 14:30:00.000,8.07,8.08,8.05,8.07
484,000009,SZSE,2017-07-14 14:35:00.000,8.07,8.09,8.07,8.07
485,000009,SZSE,2017-07-14 14:40:00.000,8.07,8.07,8.05,8.07
486,000009,SZSE,2017-07-14 14:45:00.000,8.07,8.09,8.06,8.08
487,000009,SZSE,2017-07-14 14:50:00.000,8.08,8.08,8.07,8.08
488,000009,SZSE,2017-07-14 14:55:00.000,8.08,8.08,8.06,8.07
489,000009,SZSE,2017-07-14 15:00:00.000,8.08,8.09,8.07,8.08
490,000009,SZSE,2017-07-17 09:30:00.000,8.06,8.06,8.06,8.06
491,000009,SZSE,2017-07-17 09:35:00.000,8.05,8.06,8.02,8.06
492,000009,SZSE,2017-07-17 09:40:00.000,8.06,8.07,7.91,7.91
493,000009,SZSE,2017-07-17 09:45:00.000,7.92,7.92,7.6,7.68
494,000009,SZSE,2017-07-17 09:50:00.000,7.68,7.68,7.48,7.67
495,000009,SZSE,2017-07-17 09:55:00.000,7.67,7.69,7.58,7.67
496,000009,SZSE,2017-07-17 10:00:00.000,7.68,7.68,7.6,7.68
497,000009,SZSE,2017-07-17 10:05:00.000,7.67,7.69,7.63,7.65
498,000009,SZSE,2017-07-17 10:10:00.000,7.65,7.76,7.65,7.7
499,000009,SZSE,2017-07-17 10:15:00.000,7.71,7.71,7.68,7.69
500,000009,SZSE,2017-07-17 10:20:00.000,7.7,7.7,7.63,7.65
501,000009,SZSE,2017-07-17 10:25:00.000,7.66,7.74,7.66,7.74
502,000009,SZSE,2017-07-17 10:30:00.000,7.73,7.74,7.71,7.72
503,000009,SZSE,2017-07-17 10:35:00.000,7.72,7.73,7.7,7.73
504,000009,SZSE,2017-07-17 10:40:00.000,7.73,7.76,7.73,7.76
505,000009,SZSE,2017-07-17 10:45:00.000,7.76,7.77,7.75,7.75
506,000009,SZSE,2017-07-17 10:50:00.000,7.75,7.75,7.73,7.74
507,000009,SZSE,2017-07-17 10:55:00.000,7.74,7.75,7.73,7.74
508,000009,SZSE,2017-07-17 11:00:00.000,7.74,7.74,7.68,7.7
509,000009,SZSE,2017-07-17 11:05:00.000,7.69,7.73,7.69,7.73
510,000009,SZSE,2017-07-17 11:10:00.000,7.73,7.77,7.73,7.75
511,000009,SZSE,2017-07-17 11:15:00.000,7.75,7.77,7.74,7.76
512,000009,SZSE,2017-07-17 11:20:00.000,7.76,7.78,7.75,7.75
513,000009,SZSE,2017-07-17 11:25:00.000,7.76,7.76,7.74,7.75
514,000009,SZSE,2017-07-17 11:30:00.000,7.74,7.77,7.74,7.76
515,000009,SZSE,2017-07-17 13:05:00.000,7.76,7.78,7.76,7.77
516,000009,SZSE,2017-07-17 13:10:00.000,7.77,7.78,7.74,7.75
517,000009,SZSE,2017-07-17 13:15:00.000,7.75,7.76,7.74,7.74
518,000009,SZSE,2017-07-17 13:20:00.000,7.75,7.78,7.74,7.78
519,000009,SZSE,2017-07-17 13:25:00.000,7.78,7.79,7.77,7.77
520,000009,SZSE,2017-07-17 13:30:00.000,7.78,7.79,7.76,7.76
521,000009,SZSE,2017-07-17 13:35:00.000,7.76,7.79,7.73,7.73
522,000009,SZSE,2017-07-17 13:40:00.000,7.74,7.74,7.69,7.7
523,000009,SZSE,2017-07-17 13:45:00.000,7.69,7.69,7.62,7.63
524,000009,SZSE,2017-07-17 13:50:00.000,7.62,7.66,7.59,7.63
525,000009,SZSE,2017-07-17 13:55:00.000,7.64,7.64,7.6,7.61
526,000009,SZSE,2017-07-17 14:00:00.000,7.6,7.61,7.56,7.58
527,000009,SZSE,2017-07-17 14:05:00.000,7.59,7.61,7.58,7.6
528,000009,SZSE,2017-07-17 14:10:00.000,7.6,7.61,7.59,7.6
529,000009,SZSE,2017-07-17 14:15:00.000,7.59,7.6,7.57,7.58
530,000009,SZSE,2017-07-17 14:20:00.000,7.57,7.58,7.53,7.56
531,000009,SZSE,2017-07-17 14:25:00.000,7.55,7.59,7.55,7.58
532,000009,SZSE,2017-07-17 14:30:00.000,7.58,7.6,7.57,7.59
533,000009,SZSE,2017-07-17 14:35:00.000,7.59,7.59,7.54,7.56
534,000009,SZSE,2017-07-17 14:40:00.000,7.56,7.57,7.55,7.57
535,000009,SZSE,2017-07-17 14:45:00.000,7.57,7.6,7.57,7.6
536,000009,SZSE,2017-07-17 14:50:00.000,7.59,7.63,7.59,7.6
537,000009,SZSE,2017-07-17 14:55:00.000,7.61,7.61,7.56,7.56
538,000009,SZSE,2017-07-17 15:00:00.000,7.57,7.58,7.56,7.56
539,000009,SZSE,2017-07-18 09:30:00.000,7.59,7.59,7.59,7.59
540,000009,SZSE,2017-07-18 09:35:00.000,7.62,7.62,7.58,7.58
541,000009,SZSE,2017-07-18 09:40:00.000,7.58,7.62,7.56,7.61
542,000009,SZSE,2017-07-18 09:45:00.000,7.62,7.62,7.56,7.59
543,000009,SZSE,2017-07-18 09:50:00.000,7.6,7.62,7.58,7.61
544,000009,SZSE,2017-07-18 09:55:00.000,7.61,7.63,7.59,7.61
545,000009,SZSE,2017-07-18 10:00:00.000,7.61,7.61,7.58,7.58
546,000009,SZSE,2017-07-18 10:05:00.000,7.59,7.61,7.58,7.58
547,000009,SZSE,2017-07-18 10:10:00.000,7.59,7.59,7.55,7.56
548,000009,SZSE,2017-07-18 10:15:00.000,7.55,7.58,7.55,7.58
549,000009,SZSE,2017-07-18 10:20:00.000,7.58,7.59,7.55,7.55
550,000009,SZSE,2017-07-18 10:25:00.000,7.55,7.57,7.54,7.57
551,000009,SZSE,2017-07-18 10:30:00.000,7.57,7.59,7.56,7.56
552,000009,SZSE,2017-07-18 10:35:00.000,7.57,7.61,7.57,7.61
553,000009,SZSE,2017-07-18 10:40:00.000,7.61,7.61,7.59,7.59
554,000009,SZSE,2017-07-18 10:45:00.000,7.6,7.6,7.58,7.59
555,000009,SZSE,2017-07-18 10:50:00.000,7.59,7.59,7.58,7.58
556,000009,SZSE,2017-07-18 10:55:00.000,7.59,7.59,7.57,7.57
557,000009,SZSE,2017-07-18 11:00:00.000,7.58,7.59,7.56,7.57
558,000009,SZSE,2017-07-18 11:05:00.000,7.57,7.58,7.56,7.58
559,000009,SZSE,2017-07-18 11:10:00.000,7.58,7.59,7.57,7.59
560,000009,SZSE,2017-07-18 11:15:00.000,7.58,7.59,7.58,7.59
561,000009,SZSE,2017-07-18 11:20:00.000,7.58,7.59,7.57,7.58
562,000009,SZSE,2017-07-18 11:25:00.000,7.58,7.58,7.56,7.57
563,000009,SZSE,2017-07-18 11:30:00.000,7.57,7.57,7.55,7.56
564,000009,SZSE,2017-07-18 13:05:00.000,7.56,7.57,7.55,7.57
565,000009,SZSE,2017-07-18 13:10:00.000,7.57,7.58,7.57,7.57
566,000009,SZSE,2017-07-18 13:15:00.000,7.57,7.57,7.55,7.56
567,000009,SZSE,2017-07-18 13:20:00.000,7.55,7.62,7.55,7.62
568,000009,SZSE,2017-07-18 13:25:00.000,7.62,7.63,7.62,7.63
569,000009,SZSE,2017-07-18 13:30:00.000,7.64,7.64,7.62,7.63
570,000009,SZSE,2017-07-18 13:35:00.000,7.64,7.7,7.63,7.67
571,000009,SZSE,2017-07-18 13:40:00.000,7.67,7.71,7.67,7.71
572,000009,SZSE,2017-07-18 13:45:00.000,7.71,7.71,7.67,7.67
573,000009,SZSE,2017-07-18 13:50:00.000,7.67,7.68,7.67,7.67
574,000009,SZSE,2017-07-18 13:55:00.000,7.68,7.68,7.66,7.67
575,000009,SZSE,2017-07-18 14:00:00.000,7.67,7.67,7.65,7.66
576,000009,SZSE,2017-07-18 14:05:00.000,7.66,7.69,7.66,7.69
577,000009,SZSE,2017-07-18 14:10:00.000,7.69,7.7,7.67,7.68
578,000009,SZSE,2017-07-18 14:15:00.000,7.68,7.69,7.66,7.67
579,000009,SZSE,2017-07-18 14:20:00.000,7.68,7.69,7.67,7.68
580,000009,SZSE,2017-07-18 14:25:00.000,7.67,7.72,7.67,7.7
581,000009,SZSE,2017-07-18 14:30:00.000,7.7,7.7,7.67,7.68
582,000009,SZSE,2017-07-18 14:35:00.000,7.67,7.74,7.67,7.73
583,000009,SZSE,2017-07-18 14:40:00.000,7.73,7.77,7.72,7.73
584,000009,SZSE,2017-07-18 14:45:00.000,7.73,7.74,7.69,7.7
585,000009,SZSE,2017-07-18 14:50:00.000,7.71,7.72,7.7,7.72
586,000009,SZSE,2017-07-18 14:55:00.000,7.72,7.72,7.7,7.71
587,000009,SZSE,2017-07-18 15:00:00.000,7.7,7.72,7.7,7.72
588,000009,SZSE,2017-07-19 09:30:00.000,7.69,7.69,7.69,7.69
589,000009,SZSE,2017-07-19 09:35:00.000,7.67,7.69,7.66,7.68
590,000009,SZSE,2017-07-19 09:40:00.000,7.68,7.69,7.66,7.67
591,000009,SZSE,2017-07-19 09:45:00.000,7.67,7.73,7.66,7.71
592,000009,SZSE,2017-07-19 09:50:00.000,7.71,7.71,7.7,7.7
593,000009,SZSE,2017-07-19 09:55:00.000,7.7,7.71,7.67,7.71
594,000009,SZSE,2017-07-19 10:00:00.000,7.68,7.77,7.68,7.73
595,000009,SZSE,2017-07-19 10:05:00.000,7.74,7.76,7.74,7.74
596,000009,SZSE,2017-07-19 10:10:00.000,7.74,7.74,7.72,7.73
597,000009,SZSE,2017-07-19 10:15:00.000,7.73,7.75,7.72,7.74
598,000009,SZSE,2017-07-19 10:20:00.000,7.74,7.74,7.73,7.74
599,000009,SZSE,2017-07-19 10:25:00.000,7.73,7.74,7.7,7.7
600,000009,SZSE,2017-07-19 10:30:00.000,7.7,7.73,7.7,7.71
601,000009,SZSE,2017-07-19 10:35:00.000,7.72,7.74,7.71,7.74
602,000009,SZSE,2017-07-19 10:40:00.000,7.74,7.74,7.72,7.72
603,000009,SZSE,2017-07-19 10:45:00.000,7.72,7.73,7.71,7.72
604,000009,SZSE,2017-07-19 10:50:00.000,7.73,7.74,7.71,7.72
605,000009,SZSE,2017-07-19 10:55:00.000,7.73,7.73,7.71,7.72
606,000009,SZSE,2017-07-19 11:00:00.000,7.73,7.73,7.68,7.68
607,000009,SZSE,2017-07-19 11:05:00.000,7.68,7.71,7.67,7.7
608,000009,SZSE,2017-07-19 11:10:00.000,7.71,7.72,7.7,7.72
609,000009,SZSE,2017-07-19 11:15:00.000,7.72,7.73,7.7,7.71
610,000009,SZSE,2017-07-19 11:20:00.000,7.71,7.73,7.7,7.73
611,000009,SZSE,2017-07-19 11:25:00.000,7.73,7.74,7.7,7.72
612,000009,SZSE,2017-07-19 11:30:00.000,7.72,7.73,7.71,7.72
613,000009,SZSE,2017-07-19 13:05:00.000,7.73,7.75,7.72,7.74
614,000009,SZSE,2017-07-19 13:10:00.000,7.74,7.77,7.74,7.77
615,000009,SZSE,2017-07-19 13:15:00.000,7.77,7.83,7.76,7.82
616,000009,SZSE,2017-07-19 13:20:00.000,7.82,7.82,7.78,7.79
617,000009,SZSE,2017-07-19 13:25:00.000,7.78,7.79,7.77,7.77
618,000009,SZSE,2017-07-19 13:30:00.000,7.77,7.81,7.76,7.81
619,000009,SZSE,2017-07-19 13:35:00.000,7.8,7.81,7.78,7.79
620,000009,SZSE,2017-07-19 13:40:00.000,7.78,7.81,7.78,7.81
621,000009,SZSE,2017-07-19 13:45:00.000,7.8,7.82,7.8,7.81
622,000009,SZSE,2017-07-19 13:50:00.000,7.8,7.82,7.8,7.8
623,000009,SZSE,2017-07-19 13:55:00.000,7.8,7.81,7.78,7.8
624,000009,SZSE,2017-07-19 14:00:00.000,7.8,7.81,7.79,7.79
625,000009,SZSE,2017-07-19 14:05:00.000,7.8,7.86,7.8,7.86
626,000009,SZSE,2017-07-19 14:10:00.000,7.85,7.86,7.84,7.85
627,000009,SZSE,2017-07-19 14:15:00.000,7.85,7.9,7.85,7.89
628,000009,SZSE,2017-07-19 14:20:00.000,7.89,7.95,7.89,7.92
629,000009,SZSE,2017-07-19 14:25:00.000,7.91,7.99,7.9,7.96
630,000009,SZSE,2017-07-19 14:30:00.000,7.96,7.97,7.93,7.94
631,000009,SZSE,2017-07-19 14:35:00.000,7.94,7.95,7.92,7.93
632,000009,SZSE,2017-07-19 14:40:00.000,7.93,7.94,7.91,7.93
633,000009,SZSE,2017-07-19 14:45:00.000,7.92,7.95,7.92,7.95
634,000009,SZSE,2017-07-19 14:50:00.000,7.94,7.96,7.94,7.95
635,000009,SZSE,2017-07-19 14:55:00.000,7.97,7.99,7.95,7.97
636,000009,SZSE,2017-07-19 15:00:00.000,7.97,7.99,7.96,7.98
637,000009,SZSE,2017-07-20 09:30:00.000,7.91,7.91,7.91,7.91
638,000009,SZSE,2017-07-20 09:35:00.000,7.91,7.98,7.91,7.96
639,000009,SZSE,2017-07-20 09:40:00.000,7.96,8.03,7.93,8.03
640,000009,SZSE,2017-07-20 09:45:00.000,8.02,8.15,8.02,8.12
641,000009,SZSE,2017-07-20 09:50:00.000,8.12,8.24,8.12,8.23
642,000009,SZSE,2017-07-20 09:55:00.000,8.22,8.48,8.2,8.43
643,000009,SZSE,2017-07-20 10:00:00.000,8.42,8.49,8.36,8.48
644,000009,SZSE,2017-07-20 10:05:00.000,8.5,8.54,8.41,8.41
645,000009,SZSE,2017-07-20 10:10:00.000,8.41,8.44,8.39,8.41
646,000009,SZSE,2017-07-20 10:15:00.000,8.41,8.46,8.41,8.46
647,000009,SZSE,2017-07-20 10:20:00.000,8.46,8.53,8.46,8.5
648,000009,SZSE,2017-07-20 10:25:00.000,8.5,8.5,8.44,8.46
649,000009,SZSE,2017-07-20 10:30:00.000,8.46,8.47,8.45,8.46
650,000009,SZSE,2017-07-20 10:35:00.000,8.46,8.47,8.43,8.44
651,000009,SZSE,2017-07-20 10:40:00.000,8.43,8.44,8.39,8.4
652,000009,SZSE,2017-07-20 10:45:00.000,8.39,8.42,8.38,8.41
653,000009,SZSE,2017-07-20 10:50:00.000,8.41,8.42,8.4,8.42
654,000009,SZSE,2017-07-20 10:55:00.000,8.42,8.44,8.41,8.43
655,000009,SZSE,2017-07-20 11:00:00.000,8.42,8.43,8.39,8.39
656,000009,SZSE,2017-07-20 11:05:00.000,8.4,8.41,8.37,8.38
657,000009,SZSE,2017-07-20 11:10:00.000,8.38,8.39,8.36,8.38
658,000009,SZSE,2017-07-20 11:15:00.000,8.39,8.41,8.38,8.41
659,000009,SZSE,2017-07-20 11:20:00.000,8.41,8.42,8.4,8.4
660,000009,SZSE,2017-07-20 11:25:00.000,8.4,8.41,8.38,8.39
661,000009,SZSE,2017-07-20 11:30:00.000,8.39,8.39,8.36,8.36
662,000009,SZSE,2017-07-20 13:05:00.000,8.38,8.41,8.37,8.39
663,000009,SZSE,2017-07-20 13:10:00.000,8.38,8.41,8.38,8.41
664,000009,SZSE,2017-07-20 13:15:00.000,8.41,8.42,8.4,8.41
665,000009,SZSE,2017-07-20 13:20:00.000,8.41,8.42,8.39,8.41
666,000009,SZSE,2017-07-20 13:25:00.000,8.41,8.41,8.35,8.38
667,000009,SZSE,2017-07-20 13:30:00.000,8.37,8.4,8.37,8.4
668,000009,SZSE,2017-07-20 13:35:00.000,8.4,8.4,8.36,8.38
669,000009,SZSE,2017-07-20 13:40:00.000,8.38,8.38,8.35,8.36
670,000009,SZSE,2017-07-20 13:45:00.000,8.35,8.38,8.34,8.36
671,000009,SZSE,2017-07-20 13:50:00.000,8.36,8.37,8.34,8.34
672,000009,SZSE,2017-07-20 13:55:00.000,8.34,8.35,8.3,8.31
673,000009,SZSE,2017-07-20 14:00:00.000,8.32,8.33,8.31,8.32
674,000009,SZSE,2017-07-20 14:05:00.000,8.33,8.33,8.3,8.31
675,000009,SZSE,2017-07-20 14:10:00.000,8.3,8.32,8.3,8.31
676,000009,SZSE,2017-07-20 14:15:00.000,8.31,8.32,8.3,8.32
677,000009,SZSE,2017-07-20 14:20:00.000,8.31,8.32,8.28,8.28
678,000009,SZSE,2017-07-20 14:25:00.000,8.28,8.28,8.25,8.27
679,000009,SZSE,2017-07-20 14:30:00.000,8.26,8.28,8.25,8.27
680,000009,SZSE,2017-07-20 14:35:00.000,8.28,8.28,8.27,8.28
681,000009,SZSE,2017-07-20 14:40:00.000,8.28,8.29,8.27,8.29
682,000009,SZSE,2017-07-20 14:45:00.000,8.29,8.33,8.28,8.32
683,000009,SZSE,2017-07-20 14:50:00.000,8.31,8.32,8.27,8.29
684,000009,SZSE,2017-07-20 14:55:00.000,8.29,8.3,8.27,8.28
685,000009,SZSE,2017-07-20 15:00:00.000,8.29,8.29,8.28,8.29
686,000009,SZSE,2017-07-21 09:30:00.000,8.28,8.28,8.28,8.28
687,000009,SZSE,2017-07-21 09:35:00.000,8.31,8.32,8.22,8.25
688,000009,SZSE,2017-07-21 09:40:00.000,8.25,8.3,8.22,8.28
689,000009,SZSE,2017-07-21 09:45:00.000,8.27,8.4,8.26,8.4
690,000009,SZSE,2017-07-21 09:50:00.000,8.41,8.42,8.36,8.4
691,000009,SZSE,2017-07-21 09:55:00.000,8.4,8.46,8.39,8.44
692,000009,SZSE,2017-07-21 10:00:00.000,8.43,8.46,8.41,8.46
693,000009,SZSE,2017-07-21 10:05:00.000,8.46,8.46,8.42,8.44
694,000009,SZSE,2017-07-21 10:10:00.000,8.42,8.44,8.4,8.41
695,000009,SZSE,2017-07-21 10:15:00.000,8.4,8.41,8.39,8.41
696,000009,SZSE,2017-07-21 10:20:00.000,8.4,8.41,8.39,8.41
697,000009,SZSE,2017-07-21 10:25:00.000,8.41,8.41,8.39,8.39
698,000009,SZSE,2017-07-21 10:30:00.000,8.39,8.4,8.36,8.36
699,000009,SZSE,2017-07-21 10:35:00.000,8.35,8.37,8.35,8.35
700,000009,SZSE,2017-07-21 10:40:00.000,8.36,8.37,8.35,8.36
701,000009,SZSE,2017-07-21 10:45:00.000,8.36,8.38,8.36,8.37
702,000009,SZSE,2017-07-21 10:50:00.000,8.38,8.39,8.37,8.38
703,000009,SZSE,2017-07-21 10:55:00.000,8.37,8.38,8.37,8.38
704,000009,SZSE,2017-07-21 11:00:00.000,8.37,8.41,8.37,8.41
705,000009,SZSE,2017-07-21 11:05:00.000,8.41,8.43,8.4,8.41
706,000009,SZSE,2017-07-21 11:10:00.000,8.4,8.4,8.36,8.37
707,000009,SZSE,2017-07-21 11:15:00.000,8.37,8.38,8.35,8.35
708,000009,SZSE,2017-07-21 11:20:00.000,8.35,8.37,8.35,8.36
709,000009,SZSE,2017-07-21 11:25:00.000,8.35,8.37,8.35,8.36
710,000009,SZSE,2017-07-21 11:30:00.000,8.36,8.4,8.36,8.4
711,000009,SZSE,2017-07-21 13:05:00.000,8.4,8.4,8.36,8.38
712,000009,SZSE,2017-07-21 13:10:00.000,8.38,8.39,8.38,8.38
713,000009,SZSE,2017-07-21 13:15:00.000,8.38,8.41,8.38,8.4
714,000009,SZSE,2017-07-21 13:20:00.000,8.41,8.41,8.39,8.4
715,000009,SZSE,2017-07-21 13:25:00.000,8.39,8.4,8.38,8.39
716,000009,SZSE,2017-07-21 13:30:00.000,8.39,8.41,8.39,8.39
717,000009,SZSE,2017-07-21 13:35:00.000,8.39,8.41,8.39,8.4
718,000009,SZSE,2017-07-21 13:40:00.000,8.39,8.4,8.37,8.38
719,000009,SZSE,2017-07-21 13:45:00.000,8.37,8.38,8.36,8.36
720,000009,SZSE,2017-07-21 13:50:00.000,8.36,8.38,8.36,8.37
721,000009,SZSE,2017-07-21 13:55:00.000,8.37,8.39,8.37,8.39
722,000009,SZSE,2017-07-21 14:00:00.000,8.39,8.39,8.36,8.37
723,000009,SZSE,2017-07-21 14:05:00.000,8.37,8.39,8.37,8.37
724,000009,SZSE,2017-07-21 14:10:00.000,8.37,8.38,8.36,8.36
725,000009,SZSE,2017-07-21 14:15:00.000,8.38,8.39,8.37,8.39
726,000009,SZSE,2017-07-21 14:20:00.000,8.38,8.4,8.38,8.39
727,000009,SZSE,2017-07-21 14:25:00.000,8.4,8.4,8.38,8.39
728,000009,SZSE,2017-07-21 14:30:00.000,8.39,8.44,8.39,8.41
729,000009,SZSE,2017-07-21 14:35:00.000,8.41,8.42,8.39,8.4
730,000009,SZSE,2017-07-21 14:40:00.000,8.39,8.41,8.39,8.39
731,000009,SZSE,2017-07-21 14:45:00.000,8.39,8.4,8.38,8.38
732,000009,SZSE,2017-07-21 14:50:00.000,8.38,8.39,8.36,8.37
733,000009,SZSE,2017-07-21 14:55:00.000,8.36,8.38,8.35,8.37
734,000009,SZSE,2017-07-21 15:00:00.000,8.38,8.38,8.36,8.37
735,000009,SZSE,2017-07-24 09:30:00.000,8.37,8.37,8.37,8.37
736,000009,SZSE,2017-07-24 09:35:00.000,8.36,8.47,8.35,8.47
737,000009,SZSE,2017-07-24 09:40:00.000,8.46,8.47,8.41,8.46
738,000009,SZSE,2017-07-24 09:45:00.000,8.46,8.47,8.42,8.46
739,000009,SZSE,2017-07-24 09:50:00.000,8.47,8.54,8.47,8.49
740,000009,SZSE,2017-07-24 09:55:00.000,8.49,8.49,8.45,8.49
741,000009,SZSE,2017-07-24 10:00:00.000,8.48,8.49,8.45,8.47
742,000009,SZSE,2017-07-24 10:05:00.000,8.47,8.5,8.46,8.48
743,000009,SZSE,2017-07-24 10:10:00.000,8.49,8.53,8.48,8.49
744,000009,SZSE,2017-07-24 10:15:00.000,8.49,8.52,8.48,8.48
745,000009,SZSE,2017-07-24 10:20:00.000,8.5,8.5,8.43,8.43
746,000009,SZSE,2017-07-24 10:25:00.000,8.43,8.45,8.41,8.44
747,000009,SZSE,2017-07-24 10:30:00.000,8.43,8.44,8.41,8.41
748,000009,SZSE,2017-07-24 10:35:00.000,8.41,8.42,8.36,8.38
749,000009,SZSE,2017-07-24 10:40:00.000,8.37,8.39,8.36,8.37
750,000009,SZSE,2017-07-24 10:45:00.000,8.36,8.4,8.36,8.39
751,000009,SZSE,2017-07-24 10:50:00.000,8.38,8.41,8.38,8.38
752,000009,SZSE,2017-07-24 10:55:00.000,8.38,8.39,8.37,8.38
753,000009,SZSE,2017-07-24 11:00:00.000,8.39,8.4,8.38,8.39
754,000009,SZSE,2017-07-24 11:05:00.000,8.39,8.42,8.39,8.42
755,000009,SZSE,2017-07-24 11:10:00.000,8.41,8.42,8.4,8.41
756,000009,SZSE,2017-07-24 11:15:00.000,8.4,8.42,8.38,8.39
757,000009,SZSE,2017-07-24 11:20:00.000,8.38,8.39,8.36,8.37
758,000009,SZSE,2017-07-24 11:25:00.000,8.37,8.38,8.36,8.37
759,000009,SZSE,2017-07-24 11:30:00.000,8.36,8.37,8.33,8.35
760,000009,SZSE,2017-07-24 13:05:00.000,8.35,8.36,8.33,8.35
761,000009,SZSE,2017-07-24 13:10:00.000,8.34,8.42,8.34,8.42
762,000009,SZSE,2017-07-24 13:15:00.000,8.41,8.42,8.38,8.39
763,000009,SZSE,2017-07-24 13:20:00.000,8.38,8.43,8.38,8.41
764,000009,SZSE,2017-07-24 13:25:00.000,8.41,8.42,8.39,8.41
765,000009,SZSE,2017-07-24 13:30:00.000,8.41,8.41,8.37,8.4
766,000009,SZSE,2017-07-24 13:35:00.000,8.4,8.48,8.39,8.46
767,000009,SZSE,2017-07-24 13:40:00.000,8.46,8.48,8.44,8.46
768,000009,SZSE,2017-07-24 13:45:00.000,8.46,8.47,8.43,8.45
769,000009,SZSE,2017-07-24 13:50:00.000,8.43,8.44,8.41,8.41
770,000009,SZSE,2017-07-24 13:55:00.000,8.41,8.42,8.4,8.41
771,000009,SZSE,2017-07-24 14:00:00.000,8.41,8.49,8.41,8.44
772,000009,SZSE,2017-07-24 14:05:00.000,8.45,8.46,8.44,8.45
773,000009,SZSE,2017-07-24 14:10:00.000,8.45,8.47,8.41,8.46
774,000009,SZSE,2017-07-24 14:15:00.000,8.47,8.48,8.45,8.45
775,000009,SZSE,2017-07-24 14:20:00.000,8.45,8.48,8.44,8.48
776,000009,SZSE,2017-07-24 14:25:00.000,8.47,8.52,8.47,8.49
777,000009,SZSE,2017-07-24 14:30:00.000,8.49,8.5,8.45,8.46
778,000009,SZSE,2017-07-24 14:35:00.000,8.45,8.46,8.43,8.45
779,000009,SZSE,2017-07-24 14:40:00.000,8.45,8.5,8.44,8.48
780,000009,SZSE,2017-07-24 14:45:00.000,8.48,8.48,8.43,8.46
781,000009,SZSE,2017-07-24 14:50:00.000,8.46,8.49,8.46,8.48
782,000009,SZSE,2017-07-24 14:55:00.000,8.49,8.56,8.47,8.55
783,000009,SZSE,2017-07-24 15:00:00.000,8.56,8.57,8.55,8.55
784,000009,SZSE,2017-07-25 09:30:00.000,8.48,8.48,8.48,8.48
785,000009,SZSE,2017-07-25 09:35:00.000,8.45,8.48,8.39,8.43
786,000009,SZSE,2017-07-25 09:40:00.000,8.45,8.45,8.4,8.4
787,000009,SZSE,2017-07-25 09:45:00.000,8.41,8.41,8.37,8.38
788,000009,SZSE,2017-07-25 09:50:00.000,8.38,8.42,8.38,8.41
789,000009,SZSE,2017-07-25 09:55:00.000,8.4,8.41,8.38,8.4
790,000009,SZSE,2017-07-25 10:00:00.000,8.39,8.42,8.39,8.41
791,000009,SZSE,2017-07-25 10:05:00.000,8.42,8.42,8.39,8.39
792,000009,SZSE,2017-07-25 10:10:00.000,8.4,8.41,8.39,8.4
793,000009,SZSE,2017-07-25 10:15:00.000,8.41,8.42,8.39,8.4
794,000009,SZSE,2017-07-25 10:20:00.000,8.41,8.42,8.39,8.41
795,000009,SZSE,2017-07-25 10:25:00.000,8.41,8.41,8.37,8.37
796,000009,SZSE,2017-07-25 10:30:00.000,8.38,8.4,8.35,8.36
797,000009,SZSE,2017-07-25 10:35:00.000,8.36,8.36,8.33,8.33
798,000009,SZSE,2017-07-25 10:40:00.000,8.32,8.33,8.29,8.32
799,000009,SZSE,2017-07-25 10:45:00.000,8.32,8.33,8.28,8.29
800,000009,SZSE,2017-07-25 10:50:00.000,8.3,8.33,8.28,8.31
801,000009,SZSE,2017-07-25 10:55:00.000,8.31,8.32,8.3,8.31
802,000009,SZSE,2017-07-25 11:00:00.000,8.3,8.31,8.3,8.3
803,000009,SZSE,2017-07-25 11:05:00.000,8.3,8.31,8.27,8.29
804,000009,SZSE,2017-07-25 11:10:00.000,8.28,8.31,8.28,8.31
805,000009,SZSE,2017-07-25 11:15:00.000,8.3,8.33,8.3,8.33
806,000009,SZSE,2017-07-25 11:20:00.000,8.32,8.33,8.31,8.31
807,000009,SZSE,2017-07-25 11:25:00.000,8.31,8.34,8.31,8.33
808,000009,SZSE,2017-07-25 11:30:00.000,8.33,8.34,8.33,8.33
809,000009,SZSE,2017-07-25 13:05:00.000,8.33,8.35,8.32,8.33
810,000009,SZSE,2017-07-25 13:10:00.000,8.32,8.33,8.31,8.32
811,000009,SZSE,2017-07-25 13:15:00.000,8.32,8.35,8.31,8.35
812,000009,SZSE,2017-07-25 13:20:00.000,8.35,8.35,8.34,8.34
813,000009,SZSE,2017-07-25 13:25:00.000,8.34,8.35,8.33,8.33
814,000009,SZSE,2017-07-25 13:30:00.000,8.33,8.36,8.33,8.36
815,000009,SZSE,2017-07-25 13:35:00.000,8.36,8.36,8.35,8.36
816,000009,SZSE,2017-07-25 13:40:00.000,8.36,8.36,8.35,8.35
817,000009,SZSE,2017-07-25 13:45:00.000,8.35,8.36,8.35,8.35
818,000009,SZSE,2017-07-25 13:50:00.000,8.35,8.35,8.34,8.35
819,000009,SZSE,2017-07-25 13:55:00.000,8.34,8.34,8.31,8.31
820,000009,SZSE,2017-07-25 14:00:00.000,8.31,8.32,8.3,8.31
821,000009,SZSE,2017-07-25 14:05:00.000,8.3,8.32,8.28,8.32
822,000009,SZSE,2017-07-25 14:10:00.000,8.32,8.34,8.32,8.34
823,000009,SZSE,2017-07-25 14:15:00.000,8.34,8.35,8.32,8.34
824,000009,SZSE,2017-07-25 14:20:00.000,8.33,8.38,8.32,8.35
825,000009,SZSE,2017-07-25 14:25:00.000,8.35,8.36,8.34,8.35
826,000009,SZSE,2017-07-25 14:30:00.000,8.35,8.35,8.32,8.35
827,000009,SZSE,2017-07-25 14:35:00.000,8.35,8.39,8.33,8.37
828,000009,SZSE,2017-07-25 14:40:00.000,8.36,8.4,8.36,8.38
829,000009,SZSE,2017-07-25 14:45:00.000,8.39,8.44,8.38,8.4
830,000009,SZSE,2017-07-25 14:50:00.000,8.4,8.41,8.38,8.39
831,000009,SZSE,2017-07-25 14:55:00.000,8.39,8.39,8.35,8.37
832,000009,SZSE,2017-07-25 15:00:00.000,8.37,8.45,8.37,8.45
833,000009,SZSE,2017-07-26 09:30:00.000,8.74,8.74,8.74,8.74
834,000009,SZSE,2017-07-26 09:35:00.000,8.71,8.83,8.65,8.68
835,000009,SZSE,2017-07-26 09:40:00.000,8.68,8.75,8.64,8.68
836,000009,SZSE,2017-07-26 09:45:00.000,8.67,8.69,8.62,8.63
837,000009,SZSE,2017-07-26 09:50:00.000,8.62,8.67,8.62,8.64
838,000009,SZSE,2017-07-26 09:55:00.000,8.64,8.72,8.62,8.7
839,000009,SZSE,2017-07-26 10:00:00.000,8.7,8.7,8.65,8.65
840,000009,SZSE,2017-07-26 10:05:00.000,8.65,8.66,8.6,8.64
841,000009,SZSE,2017-07-26 10:10:00.000,8.64,8.65,8.57,8.57
842,000009,SZSE,2017-07-26 10:15:00.000,8.57,8.65,8.56,8.62
843,000009,SZSE,2017-07-26 10:20:00.000,8.6,8.63,8.6,8.61
844,000009,SZSE,2017-07-26 10:25:00.000,8.61,8.62,8.57,8.59
845,000009,SZSE,2017-07-26 10:30:00.000,8.58,8.61,8.58,8.6
846,000009,SZSE,2017-07-26 10:35:00.000,8.6,8.6,8.58,8.6
847,000009,SZSE,2017-07-26 10:40:00.000,8.6,8.64,8.6,8.62
848,000009,SZSE,2017-07-26 10:45:00.000,8.63,8.63,8.61,8.63
849,000009,SZSE,2017-07-26 10:50:00.000,8.63,8.63,8.6,8.61
850,000009,SZSE,2017-07-26 10:55:00.000,8.62,8.62,8.6,8.62
851,000009,SZSE,2017-07-26 11:00:00.000,8.62,8.65,8.61,8.63
852,000009,SZSE,2017-07-26 11:05:00.000,8.64,8.64,8.63,8.63
853,000009,SZSE,2017-07-26 11:10:00.000,8.63,8.63,8.6,8.61
854,000009,SZSE,2017-07-26 11:15:00.000,8.61,8.62,8.6,8.61
855,000009,SZSE,2017-07-26 11:20:00.000,8.6,8.62,8.6,8.6
856,000009,SZSE,2017-07-26 11:25:00.000,8.6,8.61,8.59,8.61
857,000009,SZSE,2017-07-26 11:30:00.000,8.6,8.62,8.6,8.61
858,000009,SZSE,2017-07-26 13:05:00.000,8.62,8.63,8.6,8.61
859,000009,SZSE,2017-07-26 13:10:00.000,8.6,8.62,8.59,8.62
860,000009,SZSE,2017-07-26 13:15:00.000,8.62,8.63,8.61,8.62
861,000009,SZSE,2017-07-26 13:20:00.000,8.62,8.67,8.61,8.67
862,000009,SZSE,2017-07-26 13:25:00.000,8.67,8.69,8.66,8.67
863,000009,SZSE,2017-07-26 13:30:00.000,8.66,8.67,8.66,8.67
864,000009,SZSE,2017-07-26 13:35:00.000,8.67,8.71,8.66,8.7
865,000009,SZSE,2017-07-26 13:40:00.000,8.69,8.7,8.68,8.68
866,000009,SZSE,2017-07-26 13:45:00.000,8.69,8.69,8.66,8.66
867,000009,SZSE,2017-07-26 13:50:00.000,8.66,8.66,8.62,8.64
868,000009,SZSE,2017-07-26 13:55:00.000,8.64,8.67,8.63,8.66
869,000009,SZSE,2017-07-26 14:00:00.000,8.67,8.68,8.66,8.66
870,000009,SZSE,2017-07-26 14:05:00.000,8.67,8.67,8.64,8.66
871,000009,SZSE,2017-07-26 14:10:00.000,8.66,8.67,8.65,8.65
872,000009,SZSE,2017-07-26 14:15:00.000,8.65,8.66,8.57,8.57
873,000009,SZSE,2017-07-26 14:20:00.000,8.57,8.59,8.52,8.58
874,000009,SZSE,2017-07-26 14:25:00.000,8.57,8.58,8.54,8.54
875,000009,SZSE,2017-07-26 14:30:00.000,8.53,8.57,8.51,8.56
876,000009,SZSE,2017-07-26 14:35:00.000,8.56,8.57,8.55,8.57
877,000009,SZSE,2017-07-26 14:40:00.000,8.57,8.58,8.54,8.58
878,000009,SZSE,2017-07-26 14:45:00.000,8.58,8.59,8.57,8.59
879,000009,SZSE,2017-07-26 14:50:00.000,8.59,8.61,8.57,8.58
880,000009,SZSE,2017-07-26 14:55:00.000,8.57,8.59,8.56,8.57
881,000009,SZSE,2017-07-26 15:00:00.000,8.58,8.58,8.56,8.57
882,000009,SZSE,2017-07-27 09:30:00.000,8.42,8.42,8.42,8.42
883,000009,SZSE,2017-07-27 09:35:00.000,8.45,8.47,8.4,8.43
884,000009,SZSE,2017-07-27 09:40:00.000,8.44,8.45,8.39,8.43
885,000009,SZSE,2017-07-27 09:45:00.000,8.43,8.48,8.41,8.48
886,000009,SZSE,2017-07-27 09:50:00.000,8.47,8.47,8.42,8.44
887,000009,SZSE,2017-07-27 09:55:00.000,8.44,8.47,8.43,8.44
888,000009,SZSE,2017-07-27 10:00:00.000,8.44,8.47,8.43,8.44
889,000009,SZSE,2017-07-27 10:05:00.000,8.45,8.54,8.42,8.48
890,000009,SZSE,2017-07-27 10:10:00.000,8.47,8.53,8.46,8.46
891,000009,SZSE,2017-07-27 10:15:00.000,8.46,8.48,8.44,8.45
892,000009,SZSE,2017-07-27 10:20:00.000,8.45,8.49,8.45,8.45
893,000009,SZSE,2017-07-27 10:25:00.000,8.46,8.46,8.42,8.44
894,000009,SZSE,2017-07-27 10:30:00.000,8.43,8.44,8.41,8.42
895,000009,SZSE,2017-07-27 10:35:00.000,8.44,8.46,8.41,8.42
896,000009,SZSE,2017-07-27 10:40:00.000,8.43,8.44,8.42,8.42
897,000009,SZSE,2017-07-27 10:45:00.000,8.42,8.44,8.41,8.42
898,000009,SZSE,2017-07-27 10:50:00.000,8.43,8.43,8.32,8.37
899,000009,SZSE,2017-07-27 10:55:00.000,8.37,8.38,8.33,8.35
900,000009,SZSE,2017-07-27 11:00:00.000,8.36,8.36,8.29,8.29
901,000009,SZSE,2017-07-27 11:05:00.000,8.29,8.32,8.25,8.28
902,000009,SZSE,2017-07-27 11:10:00.000,8.28,8.34,8.28,8.33
903,000009,SZSE,2017-07-27 11:15:00.000,8.33,8.35,8.32,8.35
904,000009,SZSE,2017-07-27 11:20:00.000,8.34,8.37,8.34,8.37
905,000009,SZSE,2017-07-27 11:25:00.000,8.37,8.38,8.32,8.33
906,000009,SZSE,2017-07-27 11:30:00.000,8.34,8.37,8.32,8.37
907,000009,SZSE,2017-07-27 13:05:00.000,8.38,8.41,8.38,8.4
908,000009,SZSE,2017-07-27 13:10:00.000,8.39,8.4,8.37,8.39
909,000009,SZSE,2017-07-27 13:15:00.000,8.38,8.4,8.38,8.4
910,000009,SZSE,2017-07-27 13:20:00.000,8.4,8.41,8.39,8.4
911,000009,SZSE,2017-07-27 13:25:00.000,8.4,8.44,8.39,8.44
912,000009,SZSE,2017-07-27 13:30:00.000,8.44,8.44,8.41,8.42
913,000009,SZSE,2017-07-27 13:35:00.000,8.43,8.47,8.42,8.47
914,000009,SZSE,2017-07-27 13:40:00.000,8.47,8.47,8.41,8.45
915,000009,SZSE,2017-07-27 13:45:00.000,8.44,8.44,8.39,8.42
916,000009,SZSE,2017-07-27 13:50:00.000,8.42,8.44,8.42,8.44
917,000009,SZSE,2017-07-27 13:55:00.000,8.44,8.45,8.42,8.43
918,000009,SZSE,2017-07-27 14:00:00.000,8.43,8.43,8.41,8.42
919,000009,SZSE,2017-07-27 14:05:00.000,8.42,8.43,8.41,8.42
920,000009,SZSE,2017-07-27 14:10:00.000,8.43,8.44,8.4,8.41
921,000009,SZSE,2017-07-27 14:15:00.000,8.4,8.43,8.4,8.41
922,000009,SZSE,2017-07-27 14:20:00.000,8.41,8.44,8.41,8.42
923,000009,SZSE,2017-07-27 14:25:00.000,8.43,8.43,8.39,8.39
924,000009,SZSE,2017-07-27 14:30:00.000,8.4,8.41,8.38,8.4
925,000009,SZSE,2017-07-27 14:35:00.000,8.39,8.43,8.39,8.43
926,000009,SZSE,2017-07-27 14:40:00.000,8.42,8.43,8.42,8.42
927,000009,SZSE,2017-07-27 14:45:00.000,8.43,8.43,8.42,8.42
928,000009,SZSE,2017-07-27 14:50:00.000,8.42,8.43,8.4,8.4
929,000009,SZSE,2017-07-27 14:55:00.000,8.41,8.41,8.39,8.4
930,000009,SZSE,2017-07-27 15:00:00.000,8.4,8.41,8.39,8.41
931,000009,SZSE,2017-07-28 09:30:00.000,8.44,8.44,8.44,8.44
932,000009,SZSE,2017-07-28 09:35:00.000,8.44,8.48,8.42,8.46
933,000009,SZSE,2017-07-28 09:40:00.000,8.46,8.5,8.44,8.5
934,000009,SZSE,2017-07-28 09:45:00.000,8.5,8.57,8.49,8.56
935,000009,SZSE,2017-07-28 09:50:00.000,8.55,8.76,8.54,8.72
936,000009,SZSE,2017-07-28 09:55:00.000,8.7,8.72,8.65,8.65
937,000009,SZSE,2017-07-28 10:00:00.000,8.65,8.82,8.65,8.77
938,000009,SZSE,2017-07-28 10:05:00.000,8.78,8.83,8.75,8.77
939,000009,SZSE,2017-07-28 10:10:00.000,8.78,8.8,8.74,8.74
940,000009,SZSE,2017-07-28 10:15:00.000,8.74,8.76,8.7,8.74
941,000009,SZSE,2017-07-28 10:20:00.000,8.73,8.76,8.72,8.72
942,000009,SZSE,2017-07-28 10:25:00.000,8.72,8.73,8.7,8.72
943,000009,SZSE,2017-07-28 10:30:00.000,8.72,8.72,8.66,8.68
944,000009,SZSE,2017-07-28 10:35:00.000,8.68,8.73,8.67,8.71
945,000009,SZSE,2017-07-28 10:40:00.000,8.72,8.72,8.7,8.71
946,000009,SZSE,2017-07-28 10:45:00.000,8.71,8.75,8.7,8.73
947,000009,SZSE,2017-07-28 10:50:00.000,8.74,8.74,8.72,8.72
948,000009,SZSE,2017-07-28 10:55:00.000,8.73,8.8,8.72,8.79
949,000009,SZSE,2017-07-28 11:00:00.000,8.8,8.84,8.78,8.78
950,000009,SZSE,2017-07-28 11:05:00.000,8.79,8.84,8.78,8.84
951,000009,SZSE,2017-07-28 11:10:00.000,8.85,8.88,8.79,8.8
952,000009,SZSE,2017-07-28 11:15:00.000,8.8,8.84,8.79,8.8
953,000009,SZSE,2017-07-28 11:20:00.000,8.8,8.81,8.73,8.81
954,000009,SZSE,2017-07-28 11:25:00.000,8.81,8.83,8.77,8.82
955,000009,SZSE,2017-07-28 11:30:00.000,8.82,8.88,8.81,8.85
956,000009,SZSE,2017-07-28 13:05:00.000,8.85,8.95,8.83,8.95
957,000009,SZSE,2017-07-28 13:10:00.000,8.96,9.05,8.91,9.0
958,000009,SZSE,2017-07-28 13:15:00.000,9.0,9.01,8.97,9.01
959,000009,SZSE,2017-07-28 13:20:00.000,9.01,9.11,9.01,9.06
960,000009,SZSE,2017-07-28 13:25:00.000,9.05,9.2,9.03,9.17
961,000009,SZSE,2017-07-28 13:30:00.000,9.12,9.16,9.05,9.12
962,000009,SZSE,2017-07-28 13:35:00.000,9.1,9.12,9.06,9.07
963,000009,SZSE,2017-07-28 13:40:00.000,9.06,9.18,9.06,9.17
964,000009,SZSE,2017-07-28 13:45:00.000,9.18,9.25,9.13,9.25
965,000009,SZSE,2017-07-28 13:50:00.000,9.25,9.25,9.25,9.25
966,000009,SZSE,2017-07-28 13:55:00.000,9.25,9.25,9.25,9.25
967,000009,SZSE,2017-07-28 14:00:00.000,9.25,9.25,9.25,9.25
968,000009,SZSE,2017-07-28 14:05:00.000,9.25,9.25,9.25,9.25
969,000009,SZSE,2017-07-28 14:10:00.000,9.25,9.25,9.25,9.25
970,000009,SZSE,2017-07-28 14:15:00.000,9.25,9.25,9.25,9.25
971,000009,SZSE,2017-07-28 14:20:00.000,9.25,9.25,9.25,9.25
972,000009,SZSE,2017-07-28 14:25:00.000,9.25,9.25,9.25,9.25
973,000009,SZSE,2017-07-28 14:30:00.000,9.25,9.25,9.25,9.25
974,000009,SZSE,2017-07-28 14:35:00.000,9.25,9.25,9.25,9.25
975,000009,SZSE,2017-07-28 14:40:00.000,9.25,9.25,9.25,9.25
976,000009,SZSE,2017-07-28 14:45:00.000,9.25,9.25,9.25,9.25
977,000009,SZSE,2017-07-28 14:50:00.000,9.25,9.25,9.25,9.25
978,000009,SZSE,2017-07-28 14:55:00.000,9.25,9.25,9.25,9.25
979,000009,SZSE,2017-07-28 15:00:00.000,9.25,9.25,9.25,9.25
980,000009,SZSE,2017-07-31 09:30:00.000,9.29,9.29,9.29,9.29
981,000009,SZSE,2017-07-31 09:35:00.000,9.28,9.36,9.25,9.29
982,000009,SZSE,2017-07-31 09:40:00.000,9.29,9.48,9.29,9.46
983,000009,SZSE,2017-07-31 09:45:00.000,9.48,9.58,9.45,9.49
984,000009,SZSE,2017-07-31 09:50:00.000,9.49,9.5,9.37,9.41
985,000009,SZSE,2017-07-31 09:55:00.000,9.42,9.48,9.37,9.48
986,000009,SZSE,2017-07-31 10:00:00.000,9.45,9.48,9.43,9.44
987,000009,SZSE,2017-07-31 10:05:00.000,9.45,9.59,9.44,9.55
988,000009,SZSE,2017-07-31 10:10:00.000,9.55,9.67,9.55,9.6
989,000009,SZSE,2017-07-31 10:15:00.000,9.6,9.64,9.55,9.63
990,000009,SZSE,2017-07-31 10:20:00.000,9.63,9.63,9.52,9.52
991,000009,SZSE,2017-07-31 10:25:00.000,9.53,9.6,9.5,9.6
992,000009,SZSE,2017-07-31 10:30:00.000,9.6,9.6,9.46,9.47
993,000009,SZSE,2017-07-31 10:35:00.000,9.46,9.53,9.46,9.46
994,000009,SZSE,2017-07-31 10:40:00.000,9.46,9.49,9.42,9.45
995,000009,SZSE,2017-07-31 10:45:00.000,9.46,9.47,9.36,9.37
996,000009,SZSE,2017-07-31 10:50:00.000,9.36,9.44,9.36,9.39
997,000009,SZSE,2017-07-31 10:55:00.000,9.4,9.49,9.39,9.42
998,000009,SZSE,2017-07-31 11:00:00.000,9.41,9.43,9.38,9.39
999,000009,SZSE,2017-07-31 11:05:00.000,9.4,9.45,9.39,9.43
1000,000009,SZSE,2017-07-31 11:10:00.000,9.43,9.49,9.42,9.47
1001,000009,SZSE,2017-07-31 11:15:00.000,9.48,9.49,9.45,9.45
1002,000009,SZSE,2017-07-31 11:20:00.000,9.46,9.49,9.45,9.49
1003,000009,SZSE,2017-07-31 11:25:00.000,9.49,9.53,9.49,9.51
1004,000009,SZSE,2017-07-31 11:30:00.000,9.51,9.53,9.5,9.53
1005,000009,SZSE,2017-07-31 13:05:00.000,9.53,9.54,9.49,9.49
1006,000009,SZSE,2017-07-31 13:10:00.000,9.48,9.52,9.48,9.5
1007,000009,SZSE,2017-07-31 13:15:00.000,9.5,9.53,9.5,9.52
1008,000009,SZSE,2017-07-31 13:20:00.000,9.53,9.53,9.5,9.5
1009,000009,SZSE,2017-07-31 13:25:00.000,9.5,9.51,9.41,9.44
1010,000009,SZSE,2017-07-31 13:30:00.000,9.45,9.48,9.44,9.45
1011,000009,SZSE,2017-07-31 13:35:00.000,9.46,9.47,9.43,9.45
1012,000009,SZSE,2017-07-31 13:40:00.000,9.45,9.53,9.44,9.53
1013,000009,SZSE,2017-07-31 13:45:00.000,9.53,9.6,9.51,9.59
1014,000009,SZSE,2017-07-31 13:50:00.000,9.59,9.61,9.54,9.56
1015,000009,SZSE,2017-07-31 13:55:00.000,9.55,9.56,9.53,9.54
1016,000009,SZSE,2017-07-31 14:00:00.000,9.54,9.55,9.5,9.51
1017,000009,SZSE,2017-07-31 14:05:00.000,9.51,9.53,9.5,9.52
1018,000009,SZSE,2017-07-31 14:10:00.000,9.52,9.52,9.5,9.5
1019,000009,SZSE,2017-07-31 14:15:00.000,9.51,9.53,9.49,9.52
1020,000009,SZSE,2017-07-31 14:20:00.000,9.51,9.61,9.51,9.61
1021,000009,SZSE,2017-07-31 14:25:00.000,9.61,9.65,9.58,9.6
1022,000009,SZSE,2017-07-31 14:30:00.000,9.6,9.62,9.57,9.6
1023,000009,SZSE,2017-07-31 14:35:00.000,9.6,9.61,9.55,9.57
1024,000009,SZSE,2017-07-31 14:40:00.000,9.58,9.59,9.53,9.54
1025,000009,SZSE,2017-07-31 14:45:00.000,9.54,9.55,9.53,9.53
1026,000009,SZSE,2017-07-31 14:50:00.000,9.53,9.59,9.53,9.57
1027,000009,SZSE,2017-07-31 14:55:00.000,9.57,9.58,9.54,9.54
1028,000009,SZSE,2017-07-31 15:00:00.000,9.55,9.56,9.54,9.55
